Id,Name,Country,City,Address,Latitude,Longitude
4,Best Western Holiday Hills,US,Coalville,500 W 120 S,40.91089,-111.40339
8589934594,Holiday Inn Express,US,Ashland,555 Clover Ln,42.183544,-122.663345
25769803777,Travelodge,US,Oswego,309 W Seneca St,43.45161,-76.53235
25769803782,Ibis Wuerzburg City,US,Gresham,Veitshoechheimer Str 5b,49.802514,9.921491
34359738371,Super 8 Sallisaw,US,Sallisaw,924 S Kerr Blvd,35.451305,-94.805814
42949672962,Relax Inn,US,Colorado City,1041 Westpoint Ave,32.388258,-100.85452
42949672967,Pizza Hut,US,Redding,2055 Hilltop Dr,40.577811,-122.357688
51539607552,Hotel Guadalmedina,US,Ballentine,Pasillo Del Matadero 16,36.714936,-4.426402
60129542144,"The Golden Hotel, An Ascend Hotel Collection Member",US,Golden,800 11th St,39.75622,-105.22211
68719476736,Candlewood Suites Olathe,US,Olathe,15490 S Rogers Rd,38.847727,-94.824007
77309411329,Courtyard Hattiesburg,US,Hattiesburg,119 Grand Dr,31.329254,-89.34979
77309411334,Antlers Inn,US,Walden,460 Main St,40.730393,-106.282208
85899345923,Concord Apartments By Boq Lodging,US,Arlington,2600 Crystal Dr,38.849447,-77.050946
85899345926,Days Inn,US,Grand Junction,708 Horizon Dr,39.107304,-108.543741
103079215106,Bethesda Gardens,US,Saint Louis,420 S Kirkwood Rd,38.575336,-90.4065
111669149701,Super 8 Gretna,US,Gretna,14355 S Highway 31 Exit 432,41.097218,-96.253174
120259084292,Fairfield Inn and Suites By Marriott Idaho Falls,US,Idaho Falls,1293 W Broadway St,43.49497,-112.052329
128849018887,Campanile Lyon Ecully,US,Cozad,42 Avenue Guy De Collongue,45.787482,4.764851
137438953474,Quality Inn,US,Sylacauga,40 Curtis Liles Ct,33.218275,-86.194987
146028888064,Extended Stay America,US,Portland,17777 N E Sacramento St,45.540782,-122.480386
146028888069,Hyatt House Colorado Springs,US,Colorado Springs,5805 Delmonico Dr,38.916011,-104.82371
163208757248,Hilton Garden Inn Kauai Wailua Bay,US,Kapaa,3 5920 Kuhio Hwy,22.042716,-159.33808
163208757251,Economy Inn,US,Redding,525 N Market St,40.599105,-122.384362
180388626433,Extended Stay America San Diego - Carlsbad Village By The Sea,US,Carlsbad,1050 Grand Ave,33.16385,-117.344319
188978561026,Knights Inn Carmel Hill,US,Monterey,1374 Munras Ave,36.584326,-121.901394
197568495618,Motor Inns of America,US,Madisonville,4740 Highway 68,35.50645,-84.36962
206158430208,White Cliff Manor Bed and Breakfast,US,Saint Mary,200 Second St,37.8827,-89.953575
206158430213,Residence Inn By Marriott Springdale,US,Springdale,1740 S 48th St,36.17033,-94.18366
214748364801,Super 8 Indianapolis,US,Indianapolis,4530 S Emerson Ave,39.70131,-86.083857
223338299394,Triangle Motel,US,Alma,131 W Lincoln Rd,43.376896,-84.607124
231928233987,Rustic Inn,US,Ely,1555 Aultman St,39.250583,-114.882046
240518168579,Residence Inn By Marriott Deptford,US,West Deptford,1154 Hurffville Rd,39.83456,-75.08841
257698037761,Cherry Orchard Inn,US,Sunnyvale,1071 E El Camino Real,37.352307,-122.003242
266287972355,Holiday Inn Express & Suites Bay City,US,Bay City,3959 Traxler Ct,43.625193,-83.933687
283467841536,Americinn Coralville,US,Coralville,2597 Holiday Rd,41.70064,-91.607
292057776132,Hyatt Dulles,US,Herndon,2300 Dulles Corner Blvd,,
300647710723,Kit Carson Lodge Restaurant,US,Pioneer,32161 Kit Carson Rd,38.67073,-120.11612
309237645315,Holiday Inn Express Hotel & Suites Emporia,US,Emporia,1350 W Atlantic St,36.70669,-77.55991
317827579908,Days Inn and Suites Albany,US,Albany,1606 Central Ave,42.718398,-73.833766
343597383681,Americas Best Value Inn,US,Burlington,2100 Fay St,39.29873832,-102.2781229
352187318272,La Quinta Inn & Suites Auburn,US,Auburn,225 6th St S E,47.302352,-122.22717
360777252867,Quality Inn,US,Carthage,2332 Se Loop,32.14769,-94.32443
369367187460,Blue Boar Inn,US,Midway,1235 N Warm Springs Rd,40.53192,-111.48952
386547056643,Rodeway Inn Bushnell,US,Bushnell,2224 W C 48,28.66875,-82.140756
395136991234,Hitching Horse Inn,US,Pierre,635 N Euclid Ave,44.37594,-100.34851
403726925828,Hi-way Inn of Kiowa,US,Kiowa,901 S Us Highway 69,34.68557,-95.92182
412316860419,Port-o-call Motel,US,Rockaway Beach,1755 State Highway 176,36.705227,-93.14969
429496729600,Travelodge Shakopee,US,Shakopee,1251 E 1st Ave,44.80142,-93.50884
438086664192,Motel 6,US,Somerset,1532 S Highway 27,37.072174,-84.61848
438086664197,Holiday Inn Express - Hillsboro,US,Hillsboro,5900 N E Ray Cir,45.532877,-122.920863
438086664199,Breakers Hotel,US,Rehoboth Beach,105 2nd St,38.71738,-75.082115
455266533376,The Kingsport Inn,US,Kennebunkport,Corner Rt 9 Route 35,43.36319,-70.47717
455266533381,Hilton Princess San Pedro Sula,US,Annapolis,10 Calle Y Avenida Circunvalacion,15.499006,-88.037895
463856467968,Hyatt Place Utica,US,Utica,45400 Park Ave,42.628861,-83.010776
472446402560,Mansfield Plantation Inc,US,Georgetown,1776 Mansfield Rd,33.424242,-79.274345
489626271744,Ocean Breeze Motel Apts,US,Fort Lauderdale,3811 N Ocean Blvd,26.174261,-80.09953
489626271749,Elba Sara Beach & Golf Resort,US,Anderson,Carretera De Jandia Km 11,28.383928,-13.866039
498216206339,Simpson House Inn,US,Santa Barbara,121 E Arrellaga St,34.428888,-119.707704
506806140931,Courtyard Columbus Worthington,US,Columbus,7411 Vantage Dr,40.1145383,-83.0154621
515396075523,Ramada Vandalia,US,Vandalia,2707 Veterans Ave,38.97034343,-89.12880845
532575944704,Quality Inn,US,Montgomery,5175 Carmichael Rd,32.359833,-86.217384
541165879300,Holiday Inn Express Suites Woodland Hills,US,Woodland Hills,22617 Ventura Blvd,34.16724,-118.61943
558345748481,Desert Sands Motel,US,Albuquerque,5000 Central Ave,35.08376,-106.69324
558345748486,Best Western Hospitality Hotel and Suites,US,Grand Rapids,5500 28th St S E,42.91294,-85.5323
566935683076,Hyatt Place San Antonio Airport - Quarry Market,US,San Antonio,7615 Jones Maltsberger Rd,29.50357,-98.48179
575525617669,Drury Inn & Suites San Antonio Northwest Medical Center,US,San Antonio,9806 W Interstate 10,29.532261,-98.560311
592705486850,Seaside Oceanfront Inn & Restaurant,US,Seaside,581 S Prom,45.990632,-123.930114
618475290624,Country Inn and Suites By Carlson Corbin,US,Corbin,1888 Cumberland Falls Hwy,36.920051,-84.127582
627065225216,Quality Suites Intercontinental Airport West,US,Houston,15321 Vantage Pkwy E,29.940256,-95.362277
652835028992,Adria Motor Inn,US,Bayside,22033 Northern Blvd,40.761604,-73.76084
652835028997,Amerihost Inn,US,Jeffersonville,11431 Allen Rd,39.61573,-83.611885
661424963584,Spirit Tree Inn B & B,US,Patagonia,3 Harshaw Creek Rd,31.52159,-110.70107
661424963589,Econo Lodge,US,Bellefonte,3482 Benner Pike,40.883027,-77.779928
678604832770,Best Western,US,Mount Airy,125 Plaza Ln,36.48658,-80.746031
687194767364,Holiday Inn,US,Springfield,304 Us Highway 22,40.684914,-74.33085
695784701955,La Quinta Inn and Suites Miami Cutler Bay,US,Miami,10821 Caribbean Blvd,25.578643,-80.367017
704374636545,Clarion Inn,US,Elk City,101 Meadow Rdg,35.386405,-99.401614
704374636548,Wakonda Hotel & Bar,US,Wakonda,101 Ohio St,43.009231,-97.107824
721554505730,Best Western Eufaula Inn,US,Eufaula,1300 Birkes Rd,35.30333,-95.59251
730144440324,Bay Shores Yachttennisclub 514 2 Br Condo By Redawning,US,Indian Rocks Beach,19451 Gulf Blvd,27.850447,-82.844245
747324309504,Azul Beach Hotel By Karisma Gourmet Inclusive,US,Mont Belvieu,Carretera Cancun,20.90572,-86.84786
747324309509,Americas Best Value Inn,US,North Platte,602 E 4th St,41.13524203,-100.7566567
755914244098,Intown Suites El Paso,US,El Paso,7984 Gateway East Blvd,31.75071,-106.34292
764504178688,Hotel Russo Palace,US,Mableton,Riviera San Nicol 11/a,45.421611,12.376187
773094113282,Good Nite Inn Rohnert Park,US,Rohnert Park,5040 Redwood Dr,38.3636,-122.71498
781684047875,Super 8 - Upland,US,Upland,1282 W 7th St,34.08881,-117.67238
790273982467,Westernaire Motel,US,Mesa,5414 E Main St,33.4157,-111.7143
798863917059,Spruce Meadow Cabins,US,Jackman,852 Main St,45.68028,-70.28407
807453851650,Bailey Hotel,US,Bunkie,200 W Magnolia St,30.953453,-92.18473
816043786244,Microtel Inn and Suites By Wyndham Burlington,US,Burlington,2185 W Hanford Rd,36.06256,-79.43484
824633720835,Fireside Inn Santa Cruz,US,Santa Cruz,311 2nd St,36.965324,-122.021465
824633720839,Budget Inn,US,Owensboro,316 E 3rd St,37.773652,-87.107953
833223655425,Fairbridge Inn,US,Kalispell,1701 Us Highway 93 S,48.18245,-114.30526
841813590017,1785 Inn,US,North Conway,3582 White Mountain Hwy,44.074067,-71.141015
841813590019,"Nippersink Country Club, Inc.",US,Genoa City,N1055 Tombeau Rd,42.528357,-88.305893
850403524609,The Jayakarta Bali,US,Arvada,Jl Werkudara St,-8.700062,115.164407
858993459203,East Side Motel Cabins,US,Mobridge,510 7th Ave E,45.537468,-100.423775
858993459207,Rodeway Inn Near Venice Beach,US,Los Angeles,11933 W Washington Blvd,33.997833,-118.42066
876173328384,Econo Lodge St Robert,US,St. Robert,309 Highway Z,37.8228,-92.14079
876173328389,Greenstay Hotel and Suites,US,Springfield,222 N Ingram Mill Rd,37.2085,-93.22816
893353197568,Quality Inn & Suites,US,Denver,12085 Delaware St,39.915086,-104.992635
893353197573,Red Roof Inn Erie,US,Erie,7865 Perry Hwy,42.071304,-80.03911
910533066755,Bosselmans Pump Pantry Motel,US,Burwell,517 S 1st St,41.781994,-99.12564
919123001346,Keyser Inn Inc,US,Keyser,29 New Creek Hwy,39.439293,-78.970856
936302870529,Lake Hill Cabins,US,Athens,15201 E Scatter Rdg,39.35401,-81.998825
936302870534,Days Inn,US,Kingsport,805 Lynn Garden Doctor I 181,36.563074,-82.56591
944892805123,Red Rest Inn,US,Macon,4951 Eisenhower Pkwy,32.81274,-83.71964
953482739712,Columbia Gorge Riverside Lodge,US,Stevenson,200 S W Cascade Ave,45.69192,-121.88308
962072674305,Chippewa Hotel,US,Gaylord,26 Hayes Rd,45.027702,-84.663734
962072674308,La Brea Hotel,US,Inglewood,524 N La Brea Ave,33.96999,-118.35586
970662608898,Villa Carlotta,US,Medina,Via Pirandello 81,37.850643,15.293988
970662608903,"The Ritz-carlton Orlando, Grande Lakes",US,Orlando,4012 Orida Pkwy Centralfl,28.407331,-81.404647
970662608906,Americas Best Value Inn,US,Carson City,2731 S Carson St,39.142715,-119.767824
987842478080,Dead Broke Inn,US,Young,47893 N Arizona Highway 288,,
996432412675,Rips Country Inn,US,Bowie,3809 Crain Hwy,38.942771,-76.717039
996432412678,Rodeway Inn,US,Elko,736 Idaho St,40.83441,-115.760897
1005022347267,Hampton Inn Waco,US,Waco,4259 Interstate 35 N,31.501896,-97.145605
1013612281856,Doubletree By Hilton West Palm Beach Airport,US,West Palm Beach,1808 S Australian Ave,26.697607,-80.072864
1013612281858,Sheraton Mission Valley San Diego Hotel,US,San Diego,1433 Camino Del Rio South,32.765811,-117.150442
1013612281863,Hampton Inn,US,Alamosa,710 Mariposa St,37.48132,-105.90579
1022202216448,Hotel Aura Sfo,US,San Bruno,190 El Camino Real,37.617582,-122.408516
1022202216450,Twin Pines Motel,US,Indiana,420 East Pike,40.62034,-79.13034
1030792151044,Desert Motel Restaurant,US,Wellton,28709 Los Angeles Ave,32.673,-114.14621
1047972020225,Aspen Alps,US,Aspen,700 Ute Ave,39.1859,-106.81712
1056561954817,Sombrero Resort and Marina,US,Marathon,19 Sombrero Blvd,24.711823,-81.08055
1056561954822,Red Roof Inn Cedar Rapids,US,Cedar Rapids,3243 S Ridge Dr S W,41.946156,-91.67239
1073741824002,Hampton Inn New Orleans - Downtown,US,New Orleans,226 Carondelet St,29.952146,-90.071143
1082331758594,Hampton Inn and Suites Annapolis,US,Annapolis,124 Womack Dr,38.97555,-76.54838
1099511627776,Extended Stay America - Raleigh - Cary - Regency Parkway S,US,Cary,3100 Regency Pkwy,35.73348,-78.78996
1099511627781,Forest Hill Inn,US,Stevens,1345 Forest Hill Rd,40.246049,-76.246328
1108101562372,Travelodge Ruther Glen,US,Ruther Glen,23500 Welcome Way Dr,37.93889,-77.47339
1125281431552,Holiday Inn Express Atlanta Ne - I-85 Clairmont,US,Atlanta,2920 Clairmont Rd,33.843213,-84.314667
1133871366146,Stratford Inn,US,Aberdeen,4430 Highway 12 E,45.459026,-98.42784
1142461300737,Crestview Condominiums,US,Park City,6713 N 2200 W,40.728523,-111.55332
1142461300742,Days Inn,US,Baraboo,944 Us Highway 12,43.479473,-89.76921
1151051235332,Hampton Inn & Suites Millington,US,Millington,8838 Us Highway 51 N,35.367281,-89.88659
1168231104513,Red Roof Inn Somerset,US,Somerset,1201 S Highway 27,37.076744,-84.618904
1176821039104,Days Inn Bloomington,US,Bloomington,200 E State Road 45/46 Bypass,39.18581,-86.533195
1185410973697,Candlewood Suites West Springfield,US,West Springfield,572 Riverdale St,42.12138,-72.62555
1194000908289,Park Terrace Suites,US,Phoenix,2577 W Greenway Rd,33.625296,-112.113521
1202590842881,Best Western Plus French Quarter Landmark Hotel,US,New Orleans,920 N Rampart St,29.962454,-90.06636
1202590842883,Pueblo Bonito Sunset Beach Resort & Spa - All Inclusive,US,Virginia Beach,Predio Paraiso Escondido S/n,22.875315,-109.930688
1202590842888,Sportsmen's Lodge,US,Studio City,12825 Ventura Blvd,34.144791,-118.41155
1219770712064,Hyatt Regency Reston,US,Reston,1800 Presidents Saint A,38.958709,-77.355574
1228360646656,Tryp Dusseldorf Krefeld Hotel,US,Terre Haute,Europark Fichtenhain A1,51.295746,6.557915
1236950581251,Americas Best Value Inn,US,Cheyenne,2512 W Lincolnway,41.11915,-104.84949
1254130450433,Irish House Hotel,US,Mount Sterling,883 850 E Il 99 Saint Mount Sterling Il,39.973892,-90.75766
1262720385027,Quality Inn & Suites,US,Jamestown,507 25th St S W,46.88229,-98.715156
1271310319619,Travelodge Anaheim Convention Center,US,Anaheim,2060 S Harbor Blvd,33.796738,-117.915091
1279900254210,Stay Inn,US,West Palm Beach,1505 Belvedere Rd,26.69091,-80.07274
1297080123392,Days Inn Barstow,US,Barstow,1590 Cool Water Ln,34.89095,-117.00283
1305670057984,Super 8 Columbia Dwntwn Sc,US,Columbia,5719 Fairfield Rd,34.06241,-81.02341
1305670057989,Cambria Hotel & Suites,US,Roanoke,301 Reserve Ave,37.256149,-79.947005
1305670057993,Hotel Valencia Santana Row,US,San Jose,355 Santana Row,37.32098,-121.9479
1314259992580,Crossroads Hotel,US,Chicago,5300 S Pulaski Rd,41.79735,-87.72327
1322849927172,Beacon Motel,US,Kiowa,1033 S Garfield Ave,34.71855,-95.90046
1322849927174,Sids Resort,US,Greenbush,4321 S Us Highway 23,44.529854,-83.31476
1331439861762,Suburban Extended Stay of Memphis Bartlett,US,Memphis,7380 Stage Road Hwy 64,35.20486,-89.8086
1340029796352,Inn At The River,US,East Wenatchee,580 Valley Mall Pkwy,47.412354,-120.29131
1348619730949,New York Marriott Marquis,US,New York,1535 Broadway,40.758465,-73.985639
1357209665539,Holiday Inn Express,US,Springfield,3480 Hutton St,44.083797,-123.03951
1374389534720,Best Western Luxury Inn,US,Tracy,811 W Clover Rd,37.761502,-121.435165
1382979469312,La Quinta Inn and Suites Tucson - Reid Park,US,Tucson,102 N Alvernon Way,32.223615,-110.909418
1391569403904,Hotel De La Ville,US,Humeston,Piazza Antinori 1,43.772349,11.251337
1391569403909,Holiday Inn Express & Suites Willows,US,Willows,545 Humboldt Ave,39.526682,-122.212249
1408749273088,Hilton Garden Inn Burlington Downtown,US,Burlington,101 Main St,44.47582,-73.21555
1408749273090,La Quinta Inn & Suites Chicago Tinley Park,US,Tinley Park,7255 183rd St,41.557196,-87.793904
1417339207684,Patalya Thermal Resort,US,Southport,Soguksu Milli Parki,40.45411,32.622334
1417339207689,Lazy T Motel,US,Junction,2043 Main St,30.49354,-99.77822
1425929142275,H��tel Marinca and Spa,US,Manassas,Domaine Vitricella,41.69702,8.89878
1434519076865,Fiesta Inn and Suites,US,San Antonio,4934 N W Loop 410,29.487838,-98.583884
1443109011459,Best Western Knoxville Suites,US,Knoxville,5317 Pratt Rd,36.014181,-83.969034
1443109011462,The Desmond House Bed & Breakfast,US,Redding,1449 Riverside Dr,40.590188,-122.394149
1451698946052,Days Inn-amarillo-medical Ctr,US,Amarillo,2102 S Coulter St,35.188787,-101.920465
1468878815232,Americas Best Value Inn,US,Percival,2113 Sapp Brothers Dr,40.68973,-95.788826
1468878815237,Hawthorn Suites Dayton North,US,Dayton,7070 Poe Ave,39.849845,-84.189419
1477468749826,La Quinta Inn,US,Houston,18828 State Highway 249,29.970456,-95.558938
1494648619008,Econo Lodge Big Spring,US,Big Spring,804 W Interstate 20,32.255632,-101.468976
1503238553601,Holiday Inn Express & Suites Lenoir City (knoxville Area),US,Lenoir City,1112 Highway 321 N,35.82745,-84.27773
1511828488192,Homewood Suites,US,Englewood,199 Inverness Dr W,39.567078,-104.86793
1520418422787,Brooks Donald L Jr,US,Strasburg,2 Little Beaver Rd,39.97231,-76.15138
1537598291969,Astro Motel,US,Waco,3416 Interstate 35 S,31.517883,-97.13759
1546188226561,Fairfield Inn & Suites Atlanta Perimeter Center,US,Atlanta,1145 Hammond Dr N E,33.918756,-84.3485
1546188226565,Residence Inn By Marriott Fort Lauderdale Weston,US,Fort Lauderdale,2605 Weston Rd,26.085576,-80.372269
1563368095744,Blue Top Inn,US,Lamar,65 S E First Ln,37.486855,-94.29853
1571958030337,A Bed & Breakfast In Cambridge,US,Cambridge,1657 Cambridge St,42.374972,-71.110408
1571958030339,Hotel Columbia,US,Telluride,301 W San Juan Ave,37.936026,-107.813392
1580547964932,Comfort Inn and Suites,US,Riverton,2020 N Federal Blvd,43.04532,-108.38065
1597727834114,Pine Motel,US,Bordentown,5256 Us 130,40.118973,-74.751976
1614907703298,Days Inn,US,Sandersville,128 Commerce St,33.006971,-82.80556
1623497637891,El Dorado Seaside Suites By Karisma - All Inclusive,US,Beaumont,Km 95 Carretera Cancun Tulum,20.45379,-87.27365
1632087572484,La Playa,US,Milwaukee,424 E Wisconsin Ave,43.03876,-87.90608
1649267441664,Key West Inn - Clanton,US,Clanton,2045 Seventh St S,32.802624,-86.5871
1666447310850,La Quinta Inn and Suites Sunrise,US,Fort Lauderdale,13600 N W 2nd St,26.123981,-80.331315
1675037245441,Noyo Harbor Inn,US,Fort Bragg,500 Casa Del Noyo,39.426006,-123.80287
1683627180034,Homewood Suites Dallas-market Center,US,Dallas,2747 N Stemmans Fwy,32.80911,-96.847855
1700807049219,Best Western Silicon Valley Inn,US,Sunnyvale,600 N Mathilda Ave,37.392275,-122.029667
1717986918401,Mimi s Hotel Soho,GB,London,56 57 Frith Street Westminster Borough London W1D 3JG United Kingdom,51.5140329,-0.1320651
1717986918406,Acta Atrium Palace,ES,Barcelona,Gran Via Corts Catalanes 656 Eixample 08010 Barcelona Spain,41.390913,2.1706981
1726576852997,Hotel Galileo,IT,Milan,Corso Europa 9 Milan City Center 20122 Milan Italy,45.4642651,9.1960569
1735166787586,Hotel Square,FR,Paris,3 Rue De Boulainvilliers 16th arr 75016 Paris France,48.851589,2.2777274
1743756722180,Sydney House Chelsea,GB,London,9 11 Sydney Street Kensington and Chelsea London SW3 6PU United Kingdom,51.4910062,-0.1717691
1752346656768,Thistle Kensington Gardens,GB,London,104 Bayswater Rd Westminster Borough London W2 3HL United Kingdom,51.5108439,-0.1839074
1752346656776,Andreola Central Hotel,IT,Milan,Via Domenico Scarlatti 24 Central Station 20124 Milan Italy,45.4836517,9.2078581
1760936591363,NH London Kensington,GB,London,202 220 Cromwell Road Kensington and Chelsea London SW5 0SW United Kingdom,51.4948507,-0.1945544
1760936591367,Fifty Four Boutique Hotel,GB,London,54 Queens Gate Kensington and Chelsea London SW7 5JW United Kingdom,51.4963008,-0.1796853
1769526525952,Doubletree by Hilton London Kensington,GB,London,100 Queen s Gate Kensington and Chelsea London SW7 5AG United Kingdom,51.4925138,-0.1787917
1769526525957,Sansi Pedralbes,ES,Barcelona,Avenida Pearson 1 3 Les Corts 08034 Barcelona Spain,41.39367,2.1115418
1769526525958,Sir Adam Hotel,NL,Amsterdam,Overhoeksplein 7 Amsterdam Noord 1031 KS Amsterdam Netherlands,52.3840358,4.9028572
1778116460544,Kube Hotel Ice Bar,FR,Paris,1 5 Passage Ruelle 18th arr 75018 Paris France,48.88657,2.3588332
1778116460549,Baglioni Hotel London The Leading Hotels of the World,GB,London,60 Hyde Park gate Kensington and Chelsea London SW7 5BB United Kingdom,51.5017224,-0.1846243
1778116460554,Atahotel Contessa Jolanda,IT,Milan,Via Murat 21 Niguarda 20159 Milan Italy,45.4984161,9.1904375
1786706395140,Starhotels Ritz,IT,Milan,Via Spallanzani 40 Central Station 20129 Milan Italy,45.4779041,9.2094965
1795296329732,Hampshire Hotel Rembrandt Square Amsterdam,NL,Amsterdam,Amstelstraat 17 Amsterdam City Center 1017 DA Amsterdam Netherlands,52.3663466,4.8985764
1803886264321,Karma Sanctum Soho Hotel,GB,London,20 Warwick Street Westminster Borough London W1B 5NF United Kingdom,51.5116049,-0.1383145
1803886264326,pentahotel Vienna,AT,Vienna,Margaretenstra e 92 05 Margareten 1050 Vienna Austria,48.1899743,16.3567007
1812476198915,H tel Regina,FR,Paris,2 place des Pyramides 1st arr 75001 Paris France,48.8637503,2.3320406
1812476198920,Hotel Stefanie,AT,Vienna,Taborstra e 12 02 Leopoldstadt 1020 Vienna Austria,48.2142766,16.3801779
1821066133508,Hotel Amadeus,AT,Vienna,Wildpretmarkt 5 01 Innere Stadt 1010 Vienna Austria,48.2104468,16.3715781
1829656068100,Adria Boutique Hotel,GB,London,88 Queens Gate Kensington and Chelsea London SW7 5AB United Kingdom,51.4933372,-0.1788931
1838246002688,Pullman Paris Centre Bercy,FR,Paris,1 Rue De Libourne 12th arr 75012 Paris France,48.8315204,2.3870797
1846835937282,Holiday Inn London Wembley,GB,London,Empire Way Wembley Brent London HA9 8DS United Kingdom,51.5590955,-0.284704
1855425871873,Crowne Plaza Barcelona Fira Center,ES,Barcelona,Avenida Rius y Taulet 1 3 Sants Montju c 08004 Barcelona Spain,41.3725246,2.1540788
1864015806468,Hotel Les Bulles De Paris,FR,Paris,32 rue des Ecoles 5th arr 75005 Paris France,48.849147,2.3471935
1864015806473,Hilton London Canary Wharf,GB,London,South Quay Marsh Wall Tower Hamlets London E14 9SH United Kingdom,51.5007324,-0.01655
1872605741059,Radisson Blu Edwardian Kenilworth,GB,London,97 Great Russell Street Bloomsbury Camden London WC1B 3LB United Kingdom,51.5179725,-0.1280495
1881195675650,Hotel du Petit Moulin,FR,Paris,29 31 rue de Poitou 3rd arr 75003 Paris France,48.8615843,2.3620652
1881195675655,Park Plaza Victoria Amsterdam,NL,Amsterdam,Damrak 1 5 Amsterdam City Center 1012 LG Amsterdam Netherlands,52.377278,4.897818
1881195675657,Exe Laietana Palace,ES,Barcelona,Via Laietana 17 Ciutat Vella 08003 Barcelona Spain,41.3833541,2.1794038
1889785610244,Sofitel London St James,GB,London,6 Waterloo Place Westminster Borough London SW1Y 4AN United Kingdom,51.5076044,-0.132266
1889785610249,Hotel Advance,ES,Barcelona,Sep lveda 180 Eixample 08011 Barcelona Spain,NA,NA
1898375544836,Mercure Milano Regency,IT,Milan,Via G Arimondi 12 Sempione 20155 Milan Italy,45.4897688,9.1549451
1906965479427,Maison Albar Hotel Paris Op ra Diamond,FR,Paris,4 rue de la P pini re 8th arr 75008 Paris France,NA,NA
1915555414018,U232 Hotel,ES,Barcelona,Comte d Urgell 232 Eixample 08036 Barcelona Spain,41.3895237,2.1490307
1924145348608,Hotel Cambon,FR,Paris,3 Rue Cambon 1st arr 75001 Paris France,48.866435,2.3251076
1924145348613,De L Europe Amsterdam,NL,Amsterdam,Nieuwe Doelenstraat 2 14 Amsterdam City Center 1012 CP Amsterdam Netherlands,52.3678779,4.8948936
1932735283202,Four Points Sheraton Milan Center,IT,Milan,Via Gerolamo Cardano 1 Central Station 20124 Milan Italy,45.4851889,9.198015
1941325217795,Best Western Premier Op ra Li ge,FR,Paris,9 Rue De Li ge 9th arr 75009 Paris France,48.8795947,2.3280695
1949915152385,Hotel Le petit Paris,FR,Paris,214 rue Saint Jacques 5th arr 75005 Paris France,48.8452789,2.342295
1958505086978,Gartenhotel Altmannsdorf Hotel 1,AT,Vienna,Hoffingergasse 26 28 12 Meidling 1120 Vienna Austria,48.1640345,16.3216061
1967095021570,Kingsway Hall Hotel,GB,London,66 Great Queen Street Covent Garden Camden London WC2B 5BX United Kingdom,51.5158643,-0.1200625
1975684956160,1K Hotel,FR,Paris,13 Boulevard Du Temple 3rd arr 75003 Paris France,48.8639318,2.3658744
1975684956165,Shaftesbury Premier London Paddington,GB,Paddington,55 61 Westbourne Terrace Westminster Borough London W2 3UY United Kingdom,51.5153672,-0.1783271
1984274890752,L Edmond H tel,FR,Paris,22 avenue de Villiers 17th arr 75017 Paris France,48.8823111,2.3132374
1984274890757,Grand Visconti Palace,IT,Milan,Viale Isonzo 14 Porta Romana 20135 Milan Italy,45.4471408,9.2070051
1992864825348,Alma Barcelona GL,ES,Barcelona,Mallorca 269 271 Eixample 08008 Barcelona Spain,41.3945074,2.1632659
2001454759937,The Ampersand Hotel,GB,London,10 Harrington Road Kensington and Chelsea London SW7 3ER United Kingdom,51.4943077,-0.1755579
2001454759942,Courtyard by Marriott Amsterdam Arena Atlas,NL,Amsterdam Zuidoost,Hoogoorddreef 1 Zuidoost 1101 BA Amsterdam Netherlands,52.3101182,4.9472918
2010044694531,Courthouse Hotel Shoreditch,GB,London,335 337 Old Street Hackney London EC1V 9LL United Kingdom,51.5273442,-0.0796152
2018634629121,Malmaison London,GB,London,18 21 Charterhouse Square Islington London EC1M 6AH United Kingdom,51.520943,-0.1004581
2018634629125,Taj 51 Buckingham Gate Suites and Residences,GB,London,Buckingham Gate Westminster Borough London SW1E 6AF United Kingdom,51.498861,-0.1374897
2018634629130,Boutique Hotel Notting Hill,NL,Amsterdam,Westeinde 26 Amsterdam City Center 1017 ZP Amsterdam Netherlands,52.3583821,4.8988777
2027224563716,Eurostars Cristal Palace,ES,Barcelona,Diputaci 257 Eixample 08007 Barcelona Spain,41.3897945,2.1660575
2027224563718,The Level at Melia Barcelona Sky,ES,Barcelona,Lope de Vega 141 Sant Mart 08005 Barcelona Spain,41.406146,2.2008636
2027224563723,DO CO Hotel Vienna,AT,Vienna,Stephansplatz 12 01 Innere Stadt 1010 Vienna Austria,48.2082385,16.3715725
2035814498308,Carlyle Brera Hotel,IT,Milan,Corso Garibaldi 84 Milan City Center 20121 Milan Italy,45.4769923,9.1844899
2044404432899,The Bloomsbury Hotel,GB,London,16 22 Great Russell Street Camden London WC1B 3NN United Kingdom,51.5171671,-0.1290534
2044404432904,DoubleTree By Hilton London Excel,GB,London,Excel 2 Festoon Way Royal Victoria Dock Newham London E16 1RH United Kingdom,51.507377,0.038657
2052994367491,Tryp Barcelona Condal Mar Hotel,ES,Barcelona,Crist bal de Moura 138 Sant Mart 08019 Barcelona Spain,41.4126508,2.2090895
2061584302081,Mayflower Hotel Apartments,GB,London,26 28 Trebovir Rd Kensington and Chelsea London SW5 9NJ United Kingdom,51.4916677,-0.1947475
2070174236672,Novotel Suites Paris Montreuil Vincennes,FR,Vincennes,22 Avenue du professeur lemierre 20th arr 75020 Paris France,48.8554268,2.4152555
2078764171267,ARCOTEL Wimberger,AT,Vienna,Neubaug rtel 34 36 07 Neubau 1070 Vienna Austria,48.2006001,16.3386333
2087354105858,Amarante Beau Manoir,FR,Paris,6 Rue de l Arcade 8th arr 75008 Paris France,48.870994,2.3235329
2095944040453,Corus Hotel Hyde Park,GB,Paddington,Lancaster Gate Westminster Borough London W2 3LG United Kingdom,51.5119446,-0.179939
2104533975041,H tel Brighton Esprit de France,FR,Paris,218 rue de Rivoli 1st arr 75001 Paris France,48.8649306,2.3290844
2104533975045,Hilton Milan,IT,Milan,Via Luigi Galvani 12 Central Station 20124 Milan Italy,45.4862032,9.200322
2113123909636,ABaC Restaurant Hotel Barcelona GL Monumento,ES,Barcelona,Avenida Tibidabo 1 Sarri St Gervasi 08022 Barcelona Spain,41.4106944,2.136294
2121713844226,The Sumner Hotel,GB,London,54 Upper Berkeley Street Westminster Borough London W1H 7QR United Kingdom,51.5152892,-0.160898
2121713844229,NH Collection Amsterdam Doelen,NL,Amsterdam,Nieuwe Doelenstraat 24 Amsterdam City Center 1012 CP Amsterdam Netherlands,52.3681919,4.8957609
2130303778819,Commodore Hotel,GB,Paddington,50 Lancaster Gate Westminster Borough London W2 3NA United Kingdom,51.5124496,-0.1795215
2138893713408,The Park Grand London Paddington,GB,London,1 3 Queens Garden Westminster Borough London W2 3BA United Kingdom,51.5142184,-0.1809032
2138893713411,Melia Paris Vendome,FR,Paris,8 Rue Cambon 1st arr 75001 Paris France,48.8668228,2.3257729
2147483648002,La Suite West Hyde Park,GB,London,41 51 Inverness Terrace Westminster Borough London W2 3JN United Kingdom,51.5126758,-0.1867828
2156073582593,Egerton House,GB,London,17 19 Egerton Terrace Knightsbridge Kensington and Chelsea London SW3 2BX United Kingdom,51.4968406,-0.1675498
2156073582596,W12 Rooms,GB,London,54 Uxbridge Road Shepherds Bush Hammersmith and Fulham London W12 8LP United Kingdom,51.5045326,-0.2191174
2156073582601,Hotel Dieci,IT,Milan,Largo Rio de Janeiro 12 Citt Studi 20133 Milan Italy,45.4738012,9.2239702
2164663517188,Holiday Inn London Oxford Circus,GB,London,57 59 Welbeck Street Westminster Borough London W1G 9BL United Kingdom,51.516843,-0.1495574
2164663517189,Mercure London Hyde Park,GB,Paddington,8 14 Talbot Sq Paddington Westminster Borough London W2 1TS United Kingdom,51.5151149,-0.1743857
2173253451778,Westside Arc de Triomphe Hotel,FR,Paris,36 rue Pierre Demours 17th arr 75017 Paris France,48.8811741,2.2948337
2181843386369,Twenty Nevern Square Hotel,GB,London,20 Nevern Square Kensington and Chelsea London SW5 9PD United Kingdom,51.4915712,-0.1963192
2181843386372,L Empire Paris,FR,Paris,48 Rue De L arbre Sec 1st arr 75001 Paris France,48.8607764,2.3427564
2181843386377,Jumeirah Carlton Tower,GB,London,Cadogan Place Kensington and Chelsea London SW1X 9PY United Kingdom,51.4973568,-0.1576728
2190433320962,H tel Recamier,FR,Paris,3 Bis Place Saint Sulpice 6th arr 75006 Paris France,48.8503493,2.3344305
2190433320966,Hotel Topazz,AT,Vienna,Lichtensteg 3 01 Innere Stadt 1010 Vienna Austria,48.210285,16.373579
2199023255554,Hotel Verneuil Saint Germain,FR,Paris,8 rue de Verneuil 7th arr 75007 Paris France,48.8573706,2.3314669
2207613190145,Pershing Hall,FR,Paris,49 rue Pierre Charron 8th arr 75008 Paris France,48.8691325,2.3021659
2207613190147,TWO Hotel Barcelona by Axel 4 Sup Adults Only,ES,Barcelona,Calabria 90 92 Eixample 08015 Barcelona Spain,41.37913,2.1561186
2216203124739,Hotel Best Western PLUS Alfa Aeropuerto,ES,El Prat de Llobregat,Calle K s n Entrada principal Mercabarna Sants Montju c 08040 Barcelona Spain,41.3283758,2.1129638
2224793059330,Radisson Blu Hotel Amsterdam,NL,Amsterdam,Rusland 17 Amsterdam City Center 1012 CK Amsterdam Netherlands,52.3702469,4.8966743
2233382993922,Molitor Paris MGallery by Sofitel,FR,Boulogne Billancourt,2 avenue la Porte Molitor 16th arr 75016 Paris France,48.8448902,2.252833
2241972928512,H tel de la Bourdonnais,FR,Paris,111 avenue de la Bourdonnais 7th arr 75007 Paris France,48.8550466,2.304583
2250562863104,Vice Versa,FR,Paris,213 rue de la Croix Nivert 15th arr 75015 Paris France,48.8363819,2.2897793
2259152797696,Hotel Le 10 BIS,FR,Paris,10 Bis rue du D barcad re 17th arr 75017 Paris France,48.8780363,2.2864907
2267742732288,Saint James Albany Paris Hotel Spa,FR,Paris,202 rue de Rivoli 1st arr 75001 Paris France,48.8642689,2.3308179
2267742732293,Claridge s,GB,London,41 43 Brook Street Westminster Borough London W1K 4HJ United Kingdom,51.5125035,-0.1477438
2267742732300,Hotel Pierre Milano,IT,Milan,Via De Amicis 32 Milan City Center 20123 Milan Italy,45.4595203,9.1770004
2276332666884,Hotel Espa a Ramblas,ES,Barcelona,Sant Pau 9 11 Ciutat Vella 08001 Barcelona Spain,41.3799209,2.1728181
2284922601476,Best Western Premier Op ra Faubourg Ex Hotel Jules,FR,Paris,49 Rue La Fayette 9th arr 75009 Paris France,48.8753359,2.3414617
2284922601481,Mokinba Hotels Montebianco,IT,Milan,Via Monte Rosa 90 Fiera Milano City 20149 Milan Italy,45.4788051,9.1446276
2293512536067,Hotel Oscar,FR,Paris,33 rue Marbeuf 8th arr 75008 Paris France,48.8694755,2.3046954
2293512536069,FourSide Hotel Suites Vienna,AT,Vienna,Freytaggasse 25 27 21 Floridsdorf 1210 Vienna Austria,48.2565936,16.4031426
2293512536074,Hotel DO Pla a Reial G L,ES,Barcelona,Pla a Reial 1 Ciutat Vella 08001 Barcelona Spain,41.3799929,2.1748256
2302102470659,St George Hotel,GB,London,49 Gloucester Place Marble Arch Westminster Borough London W1U 8JE United Kingdom,51.5182768,-0.1583511
2302102470663,Room Mate Gerard,ES,Barcelona,Ausi s Marc 34 Eixample 08010 Barcelona Spain,41.3919114,2.1765438
2310692405248,DoubleTree by Hilton London Hyde Park,GB,London,150 Bayswater Road Kensington and Chelsea London W2 4RT United Kingdom,51.5100362,-0.190657
2310692405255,NH Collection Amsterdam Barbizon Palace,NL,Amsterdam,Prins Hendrikkade 59 72 Amsterdam City Center 1012 AD Amsterdam Netherlands,52.3764175,4.9002201
2319282339840,The RE London Shoreditch,GB,London,419 437 Hackney Road London E2 8PP United Kingdom,51.531979,-0.061598
2319282339845,Aparthotel Mariano Cubi Barcelona,ES,Barcelona,Mariano Cubi 62 64 Sarri St Gervasi 08006 Barcelona Spain,41.3982129,2.1494179
2327872274432,Mondrian London,GB,London,20 Upper Ground Southwark London SE1 9PD United Kingdom,51.5084036,-0.1067988
2327872274437,Condes de Barcelona,ES,Barcelona,Paseo de Gracia 73 Eixample 08008 Barcelona Spain,41.3935497,2.1627098
2336462209028,The Laslett,GB,London,8 Pembridge Garden Kensington and Chelsea London W2 4DU United Kingdom,51.5095259,-0.1967234
2336462209033,Roger de Ll ria,ES,Barcelona,Roger de Lluria 28 Eixample 08010 Barcelona Spain,41.3910786,2.1717285
2345052143619,Victoria Palace Hotel,FR,Paris,6 Rue Blaise Desgoffe 6th arr 75006 Paris France,48.8457587,2.3243071
2345052143624,H10 Port Vell 4 Sup,ES,Barcelona,Pas de Sota Muralla 9 Ciutat Vella 08003 Barcelona Spain,41.3815625,2.1838458
2353642078211,Shangri La Hotel at The Shard London,GB,London,31 St Thomas Street Southwark London SE1 9QU United Kingdom,51.5044972,-0.0855562
2362232012804,The Grand at Trafalgar Square,GB,London,8 Northumberland Avenue Westminster Borough London WC2N 5BY United Kingdom,51.506935,-0.126012
2362232012809,Camperio House Suites Apartments,IT,Milan,Via Camperio 9 Milan City Center 20123 Milan Italy,45.466598,9.183064
2370821947395,H tel du Minist re,FR,Paris,31 Rue de Surene 8th arr 75008 Paris France,48.8712877,2.3191903
2370821947400,Upper Diagonal,ES,Barcelona,Manuel Girona 7 21 Sarri St Gervasi 08034 Barcelona Spain,41.39038,2.121
2379411881986,The Zetter Townhouse Clerkenwell,GB,London,49 50 St John s Square Islington London EC1V 4JJ United Kingdom,51.5231564,-0.1035134
2379411881992,Rosa Grand Milano Starhotels Collezione,IT,Milan,Piazza Fontana 3 Milan City Center 20122 Milan Italy,45.4638223,9.1940273
2388001816580,Dorsett Shepherds Bush,GB,London,58 Shepherds Bush Green Hammersmith and Fulham London W12 8QE United Kingdom,51.5039399,-0.2244232
2396591751168,K K Hotel George,GB,London,1 15 Templeton Place Earl s Court Kensington and Chelsea London SW5 9NB United Kingdom,51.4918878,-0.1949706
2396591751173,Palais Coburg Residenz,AT,Vienna,Coburgbastei 4 01 Innere Stadt 1010 Vienna Austria,48.2058584,16.3766545
2405181685761,H tel R de Paris Boutique Hotel,FR,Paris,41 rue de Clichy 9th arr 75009 Paris France,48.8799239,2.3288332
2405181685762,Sheraton Grand London Park Lane,GB,London,Piccadilly Westminster Borough London W1J 7BX United Kingdom,51.5092876,-0.1370062
2413771620352,Park Lane Mews Hotel,GB,London,2 Stanhope Row Park Lane Westminster Borough London W1J 7BS United Kingdom,51.5059334,-0.1489418
2413771620357,Hilton Garden Inn Milan North,IT,Milan,Via Lucio Giunio Columella 36 Distretto Viale Monza 20128 Milan Italy,45.5161671,9.2272778
2422361554948,Goralska R sidences H tel Paris Bastille,FR,Paris,7 Boulevard Bourdon 4th arr 75004 Paris France,48.8482842,2.3657251
2430951489538,H tel De Buci by MH,FR,Paris,22 rue de Buci 6th arr 75006 Paris France,48.8538752,2.3366123
2430951489544,Hotel Garbi Millenni,ES,Barcelona,Ronda Sant Pau 14 Ciutat Vella 08001 Barcelona Spain,41.3759896,2.167148
2448131358720,Bulgari Hotel London,GB,London,171 Knightsbridge Westminster Borough London SW7 1DW United Kingdom,51.5015721,-0.1628511
2456721293314,Melia Vienna,AT,Donauinsel,Donau City Stra e 7 22 Donaustadt 1220 Vienna Austria,48.231911,16.4129493
2465311227908,K K Hotel Picasso,ES,Barcelona,Passeig de Picasso 26 30 Ciutat Vella 08003 Barcelona Spain,41.3866227,2.1840722
2473901162502,Antica Locanda Dei Mercanti,IT,Milan,Via San Tomaso 6 Milan City Center 20121 Milan Italy,45.467298,9.1846982
2482491097092,Hotel 82 London,GB,London,82 Gloucester Place Westminster Borough London W1U 6HN United Kingdom,51.5195857,-0.1584803
2482491097096,Hotel Esther a,NL,Amsterdam,Singel 303 309 Amsterdam City Center 1012 WJ Amsterdam Netherlands,52.3705447,4.8886439
2491081031683,MARQUIS Faubourg St Honor Relais Ch teaux,FR,Paris,8 rue d Anjou 8th arr 75008 Paris France,48.8698184,2.3208729
2499670966275,H tel Bourgogne Montana by MH,FR,Paris,3 rue de Bourgogne 7th arr 75007 Paris France,48.8601927,2.318423
2499670966278,Guitart Grand Passage,ES,Barcelona,Muntaner 212 Eixample 08036 Barcelona Spain,41.3936071,2.1504611
2508260900867,H tel Mansart Esprit de France,FR,Paris,5 rue des Capucines 1st arr 75001 Paris France,48.8684776,2.3298238
2516850835457,Grand Hotel Saint Michel,FR,Paris,19 Rue Cujas 5th arr 75005 Paris France,48.8478399,2.342254
2516850835461,H10 Cubik 4 Sup,ES,Barcelona,V a Laietana 69 Ciutat Vella 08003 Barcelona Spain,41.388024,2.1731556
2525440770051,Le M ridien Etoile,FR,Paris,81 boulevard Gouvion Saint Cyr 17th arr 75017 Paris France,48.8794646,2.2849548
2525440770056,Ramada Apollo Amsterdam Centre,NL,Amsterdam,Staalmeesterslaan 410 Slotervaart 1057 PH Amsterdam Netherlands,52.3681299,4.8440847
2534030704641,The Royal Horseguards,GB,London,2 Whitehall Court Westminster Borough London SW1A 2EJ United Kingdom,51.5054185,-0.1241499
2534030704646,Barcel Raval,ES,Barcelona,Rambla del Raval 17 21 Ciutat Vella 08001 Barcelona Spain,41.3790126,2.1696339
2542620639234,Paris Marriott Opera Ambassador Hotel,FR,Paris,16 boulevard Haussmann 9th arr 75009 Paris France,48.8728351,2.3362507
2551210573824,Novotel London West,GB,London,1 Shortlands Hammersmith and Fulham London W6 8DR United Kingdom,51.4919588,-0.2200956
2551210573829,Etoile Saint Ferdinand,FR,Paris,36 rue Saint Ferdinand 17th arr 75017 Paris France,48.8777895,2.2872498
2559800508418,Mercure Paris Champs Elys es,FR,Paris,51 Rue Lauriston 16th arr 75016 Paris France,48.8699731,2.2909401
2568390443010,Le Parisis Paris Tour Eiffel,FR,Paris,102 Bd De Grenelle 15th arr 75015 Paris France,48.8494851,2.2955063
2576980377600,Park Plaza Vondelpark Amsterdam,NL,Amsterdam,Koninginneweg 34 36 Oud Zuid 1075 CZ Amsterdam Netherlands,52.3542655,4.8664365
2585570312194,London City Suites,GB,London,42 46 Chiswell Street City of London London EC1Y 4SB United Kingdom,51.5206309,-0.0915341
2594160246784,Le Marcel,FR,Paris,11 rue du 8 Mai 1945 10th arr 75010 Paris France,48.8761376,2.3572681
2594160246789,Copthorne Tara Hotel London Kensington,GB,London,Scarsdale Place Kensington Kensington and Chelsea London W8 5SY United Kingdom,51.499046,-0.1917073
2602750181382,Novotel Paris 17,FR,Paris,34 Avenue Porte d Asni res 17th arr 75017 Paris France,48.8920485,2.3023791
2602750181387,Arthotel ANA Prime,AT,Vienna,Sch nbrunner Stra e 41 05 Margareten 1050 Vienna Austria,48.1925582,16.3576071
2611340115974,NH Milano Touring,IT,Milan,Via Tarchetti 2 Milan City Center 20121 Milan Italy,45.4769167,9.196665
2628519985154,Mercure Paris Bercy Biblioth que,FR,Paris,6 Boulevard Vincent Auriol 13th arr 75013 Paris France,48.8370334,2.372322
2628519985158,Gran Hotel La Florida,ES,Barcelona,Carretera Vallvidrera Tibidabo 83 93 Horta Guinard 08035 Barcelona Spain,41.4253332,2.1211028
2637109919745,Hotel Le Pera,FR,Paris,17 Rue de Caumartin 9th arr 75009 Paris France,48.871309,2.3277079
2645699854336,Hotel Les Rives de Notre Dame,FR,Paris,15 Quai Saint Michel 5th arr 75005 Paris France,48.8532269,2.3457159
2654289788931,Best Western Hotel Astoria,IT,Milan,Viale Murillo 9 Fiera Milano City 20149 Milan Italy,45.4725167,9.1439198
2662879723524,Hotel Kavalier,AT,Vienna,Linzer Stra e 165 14 Penzing 1140 Vienna Austria,48.1940487,16.2971831
2662879723528,Corinthia Hotel London,GB,London,Whitehall Place Westminster Borough London SW1A 2BD United Kingdom,51.5045583,-0.1262584
2680059592704,Drawing Hotel,FR,Paris,17 rue de Richelieu 1st arr 75001 Paris France,48.8644382,2.3359148
2680059592709,Ilunion Barcelona,ES,Barcelona,Ramon Turr 196 198 Sant Mart 08005 Barcelona Spain,41.3989322,2.2024183
2688649527297,H tel Horset Op ra Best Western Premier Collection,FR,Paris,18 Rue d Antin 2nd arr 75002 Paris France,48.8691686,2.3337818
2688649527302,Andaz London Liverpool Street,GB,London,40 Liverpool Street City of London London EC2M 7QN United Kingdom,51.5172825,-0.0812451
2697239461890,The Beaumont Hotel,GB,London,8 Balderton Street Brown Hart Gardens Westminster Borough London W1K 6TF United Kingdom,51.513055,-0.152257
2697239461894,London Elizabeth Hotel,GB,Paddington,Lancaster Terrace Hyde Park Westminster Borough London W2 3PF United Kingdom,51.5120219,-0.1762414
2705829396484,Best Western Palm Hotel,GB,London,64 76 Hendon Way London NW2 2NL United Kingdom,51.5634756,-0.2042758
2714419331075,Falkensteiner Hotel Wien Zentrum Schottenfeld,AT,Vienna,Schottenfeldgasse 74 07 Neubau 1070 Vienna Austria,48.2048494,16.343618
2723009265668,Villa Beaumarchais,FR,Paris,5 rue des Arquebusiers 3rd arr 75003 Paris France,48.8589516,2.3670407
2731599200256,H tel Jos phine by Happyculture,FR,Paris,67 rue Blanche 9th arr 75009 Paris France,48.8823141,2.3316688
2740189134848,Ashburn Hotel,GB,London,111 Cromwell Road Kensington and Chelsea London SW7 4DP United Kingdom,51.4945522,-0.1861213
2740189134853,Palazzo Parigi Hotel Grand Spa Milano,IT,Milan,Corso Di Porta Nuova 1 Milan City Center 20121 Milan Italy,45.473348,9.1910733
2748779069445,Crowne Plaza Milan City,IT,Milan,Via Melchiorre Gioia 73 Central Station 20124 Milan Italy,45.4896727,9.2006406
2757369004035,Royal Amsterdam Hotel,NL,Amsterdam,Rembrandtplein 44 Amsterdam City Center 1017 CV Amsterdam Netherlands,52.3657281,4.8972883
2765958938627,Best Western Bretagne Montparnasse,FR,Paris,33 rue Raymond Losserand 14th arr 75014 Paris France,48.8354314,2.321142
2774548873216,Les Plumes Hotel,FR,Paris,10 rue Lamartine 9th arr 75009 Paris France,48.8766269,2.3432886
2783138807808,Knightsbridge Hotel,GB,London,10 Beaufort Gardens Kensington and Chelsea London SW3 1PT United Kingdom,51.4980052,-0.1643238
2783138807810,H tel Lancaster Paris Champs Elys es,FR,Paris,7 rue de Berri 8th arr 75008 Paris France,48.8723438,2.3033378
2783138807815,Dikker en Thijs Fenice Hotel,NL,Amsterdam,Prinsengracht 444 Amsterdam City Center 1017 KE Amsterdam Netherlands,52.364971,4.8839827
2791728742403,Hotel Bristol,IT,Milan,Via Domenico Scarlatti 32 Central Station 20124 Milan Italy,45.4845769,9.2065256
2800318676996,Renaissance Paris Vendome Hotel,FR,Paris,4 Rue Du Mont Thabor 1st arr 75001 Paris France,48.8654532,2.3295231
2800318677001,Abba Garden,ES,Barcelona,Santa Rosa Esplugues 33 08950 Barcelona Spain,41.3854716,2.1018835
2817498546176,W London Leicester Square,GB,London,10 Wardour Street Leicester Square Westminster Borough London W1D 6QF United Kingdom,51.510843,-0.1314287
2817498546181,Pakat Suites Hotel,AT,Vienna,Mommsengasse 5 04 Wieden 1040 Vienna Austria,48.19183,16.3770876
2826088480768,Grange Langham Court Hotel,GB,London,31 35 Langham Street Westminster Borough London W1W 6BU United Kingdom,51.5189077,-0.1421957
2826088480772,De Vere Devonport House,GB,London,King William Walk Greenwich London SE10 9JW United Kingdom,51.480672,-0.0071375
2826088480777,Barcelona Hotel Colonial,ES,Barcelona,Via Layetana 3 Ciutat Vella 08003 Barcelona Spain,41.3822909,2.1807447
2834678415365,Ako Suites Hotel,ES,Barcelona,Diputaci 195 Eixample 08011 Barcelona Spain,41.3861153,2.1611899
2843268349954,Mandarin Oriental Barcelona,ES,Barcelona,Passeig de Gr cia 38 40 Eixample 08007 Barcelona Spain,41.391393,2.1668467
2851858284546,Batty Langley s,GB,London,12 Folgate Street City of London London E1 6BX United Kingdom,51.5208575,-0.0779503
2851858284551,New Linden Hotel,GB,London,59 Leinster Square Kensington and Chelsea London W2 4PS United Kingdom,51.5133832,-0.1926617
2860448219138,Mercure Paris Terminus Nord,FR,Paris,21 rue de Dunkerque 10th arr 75010 Paris France,48.8794843,2.3556545
2869038153731,The Zetter Hotel,GB,London,86 88 Clerkenwell Road Islington London EC1M 5RJ United Kingdom,51.522672,-0.1036841
2877628088321,My Chelsea,GB,London,35 Ixworth Place Kensington and Chelsea London SW3 3QX United Kingdom,51.4919083,-0.1684398
2886218022912,Holiday Inn Paris Montmartre,FR,Paris,23 Rue Damr mont 18th arr 75018 Paris France,NA,NA
2886218022917,Derag Livinghotel Kaiser Franz Joseph Vienna,AT,Vienna,Sieveringer Stra e 4 19 D bling 1190 Vienna Austria,NA,NA
2903397892098,Hotel Neri,ES,Barcelona,San Sever 5 Ciutat Vella 08002 Barcelona Spain,41.3832498,2.1753483
2911987826692,H10 Itaca,ES,Barcelona,Avenida Roma 22 30 Eixample 08015 Barcelona Spain,41.3810311,2.1455516
2920577761281,Rydges Kensington Hotel,GB,London,61 Gloucester Road Kensington and Chelsea London SW7 4PE United Kingdom,51.4956883,-0.1827878
2920577761286,NH Wien Belvedere,AT,Vienna,Rennweg 12a 03 Landstra e 1030 Vienna Austria,48.1954348,16.383429
2929167695876,IntercityHotel Wien,AT,Vienna,Mariahilfer Stra e 122 Ecke Kaiserstra e 1 3 07 Neubau 1070 Vienna Austria,48.1965878,16.3413729
2937757630464,Hotel Opera Cadet,FR,Paris,24 rue Cadet 9th arr 75009 Paris France,48.8754371,2.3434586
2946347565056,H tel De Vend me,FR,Paris,1 Place Vend me 1st arr 75001 Paris France,48.8668564,2.3286339
2954937499648,Hotel Lumen Paris Louvre,FR,Paris,15 Rue Des Pyramides 1st arr 75001 Paris France,48.8652582,2.3329632
2954937499652,Four Seasons Hotel George V Paris,FR,Paris,31 Avenue George V 8th arr 75008 Paris France,48.8687512,2.3001692
2954937499657,Austria Trend Hotel Schloss Wilhelminenberg Wien,AT,Vienna,Savoyenstra e 2 16 Ottakring 1160 Vienna Austria,NA,NA
2963527434241,Bloomsbury Palace Hotel,GB,London,29 31 Gower Street Camden London WC1E 6HG United Kingdom,51.5207945,-0.1310845
2963527434243,Hotel Sezz Paris,FR,Paris,6 Avenue Fr miet 16th arr 75016 Paris France,48.8566336,2.2852607
2980707303424,Hilton London Hyde Park,GB,London,129 Bayswater Road London W2 4RJ United Kingdom,51.51046,-0.1875844
2980707303429,Hotel Regina,ES,Barcelona,Bergara 2 4 Eixample 08002 Barcelona Spain,41.3858891,2.1681652
2980707303433,Hotel Gran Derby Suites,ES,Barcelona,Loreto 28 Les Corts 08029 Barcelona Spain,41.3900104,2.1422396
2989297238018,Swiss tel Amsterdam,NL,Amsterdam,Damrak 96 Amsterdam City Center 1012 LP Amsterdam Netherlands,52.3735266,4.8933041
2997887172613,Evenia Rossello,ES,Barcelona,Rossello 191 Eixample 08036 Barcelona Spain,41.3920254,2.1554675
3006477107203,Vincci Mae,ES,Barcelona,Avenida Diagonal 596 Sarri St Gervasi 08021 Barcelona Spain,41.3933943,2.1461315
3023656976387,Holiday Inn London West,GB,London,4 Portal Way Gypsy Corner A40 London W3 6RT United Kingdom,51.5210117,-0.2628618
3023656976392,Hotel Mercure Milano Centro,IT,Milan,Piazza Oberdan 12 Milan City Center 20129 Milan Italy,45.4747809,9.2059385
3032246910982,Best Western Hotel Ascot,IT,Milan,Via Lentasio 3 Milan City Center 20122 Milan Italy,45.4580137,9.1913676
3040836845571,DoubleTree by Hilton London Islington,GB,London,60 Pentonville Road Islington London N1 9LA United Kingdom,51.5322508,-0.1095714
3040836845576,Best Western Antares Hotel Concorde,IT,Milan,Viale Monza 132 Distretto Viale Monza 20127 Milan Italy,45.502453,9.2218364
3049426780164,Hyatt Regency Paris Etoile,FR,Paris,3 Place du G n ral Koenig 17th arr 75017 Paris France,48.8802782,2.2843852
3049426780169,Hotel Spa Villa Olimpica Suites,ES,Barcelona,Pallars 121 125 Sant Mart 08018 Barcelona Spain,41.3971434,2.1921947
3049426780171,Park Hotel,NL,Amsterdam,Stadhouderskade 25 Oud Zuid 1071 ZD Amsterdam Netherlands,52.3613814,4.8832594
3066606649346,Hotel Plaza Athenee Paris,FR,Paris,25 Avenue Montaigne 8th arr 75008 Paris France,48.8661932,2.3042141
3066606649351,Pulitzer Amsterdam,NL,Amsterdam,Prinsengracht 315 331 Amsterdam City Center 1016 GZ Amsterdam Netherlands,52.3728353,4.883326
3066606649355,Hotel degli Arcimboldi,IT,Milan,Viale Sarca 336 Bicocca Zara 20125 Milan Italy,45.5257221,9.2150033
3075196583940,La Villa des Ternes,FR,Paris,97 avenue des Ternes 17th arr 75017 Paris France,48.8803479,2.2858242
3083786518528,Hotel Design Secret de Paris,FR,Paris,2 Rue De Parme 9th arr 75009 Paris France,48.8814056,2.3282568
3083786518530,Grange Tower Bridge Hotel,GB,London,45 Prescot Street City of London London E1 8GP United Kingdom,51.5115509,-0.0714919
3092376453121,Novotel Paris 14 Porte d Orl ans,FR,Paris,15 Boulevard Romain Rolland 14th arr 75014 Paris France,48.8196885,2.3263505
3092376453126,LHP Hotel Napoleon,IT,Milan,Via Ozanam 12 Citt Studi 20129 Milan Italy,45.4802415,9.2131919
3092376453128,Vilana Hotel,ES,Barcelona,Vilana 7 Sarri St Gervasi 08017 Barcelona Spain,41.4047934,2.1288527
3100966387716,Palais Hansen Kempinski Vienna,AT,Vienna,Schottenring 24 01 Innere Stadt 1010 Vienna Austria,48.2163149,16.3685103
3109556322308,Le Roch Hotel Spa,FR,Paris,28 rue Saint Roch 1st arr 75001 Paris France,48.8661991,2.3328826
3109556322311,La Chambre du Marais,FR,Paris,85 87 RUE DES ARCHIVES 3rd arr 75003 Paris France,48.8636168,2.3607998
3118146256897,The Chess Hotel,FR,Paris,6 rue du Helder 9th arr 75009 Paris France,48.8716017,2.3349768
3126736191488,Crowne Plaza Paris R publique,FR,Paris,10 Place De La R publique 11th arr 75011 Paris France,48.8673199,2.3656296
3126736191491,Hilton London Tower Bridge,GB,London,5 More London Place Tooley Street Southwark London SE1 2BY United Kingdom,51.504575,-0.082675
3126736191496,Klima Hotel Milano Fiere,IT,Milan,Via Venezia Giulia 8 20157 Milan Italy,45.5147974,9.116606
3135326126083,Mercure Barcelona Condor,ES,Barcelona,V a Augusta 127 Sarri St Gervasi 08006 Barcelona Spain,41.3999934,2.1452467
3143916060673,St Ermin s Hotel Autograph Collection,GB,London,2 Caxton Street Westminster Borough London SW1H 0QW United Kingdom,51.498905,-0.1339093
3143916060678,Austria Trend Hotel Europa Wien,AT,Vienna,K rntnerstra e 18 Eingang Neuer Markt 3 01 Innere Stadt 1010 Vienna Austria,48.2062103,16.3710387
3152505995269,Millennium Hotel London Mayfair,GB,London,44 Grosvenor Square Westminster Borough London W1K 2HP United Kingdom,51.510574,-0.1509951
3161095929857,H tel California Champs Elys es,FR,Paris,16 rue de Berri 8th arr 75008 Paris France,48.8726335,2.3048084
3161095929864,Hotel Vittoria,IT,Milan,Via Pietro Calvi 32 P Vittoria 20129 Milan Italy,45.463135,9.2102
3169685864452,Colombia,IT,Milan,Via Roberto Lepetit 15 Central Station 20124 Milan Italy,45.4829817,9.2041911
3178275799042,Hotel Pulitzer Paris,FR,Paris,23 rue du Faubourg Montmartre 9th arr 75009 Paris France,48.8731996,2.3425446
3178275799047,Austria Trend Hotel Lassalle Wien,AT,Donauinsel,Engerthstra e 173 175 02 Leopoldstadt 1020 Vienna Austria,48.2273013,16.4001791
3186865733632,Staybridge Suites London Stratford,GB,London,10b Chestnut Plaza Westfield Stratford City Olympic Park Newham London E20 1GL United Kingdom,51.5426351,-0.0073272
3186865733639,Residence Du Roy,FR,Paris,8 Rue Francois 1Er 8th arr 75008 Paris France,48.8657687,2.3090386
3195455668225,H tel Da Vinci Spa,FR,Paris,25 rue des Saints P res 6th arr 75006 Paris France,48.8565778,2.3319767
3204045602817,XO Hotel,FR,Paris,25 Rue Theodore de Banville 17th arr 75017 Paris France,48.8827492,2.2982782
3204045602822,NH Sants Barcelona,ES,Barcelona,Numancia 74 Les Corts 08029 Barcelona Spain,41.384591,2.1378107
3212635537411,Pestana Arena Barcelona,ES,Barcelona,Consell de Cent 51 53 Sants Montju c 08014 Barcelona Spain,41.376801,2.1460443
3221225472002,Mercure Paris Porte De Versailles Expo,FR,Paris,36 38 Rue Du Moulin 92170 Paris France,48.8268251,2.2912033
3221225472007,NH Wien City,AT,Vienna,Mariahilfer Stra e 32 34 07 Neubau 1070 Vienna Austria,48.2002872,16.3547746
3229815406594,DoubleTree by Hilton Hotel London Tower of London,GB,London,7 Pepys Street City of London London EC3N 4AF United Kingdom,51.5108412,-0.0780581
3238405341186,Radisson Blu Edwardian Hampshire,GB,London,31 36 Leicester Square Westminster Borough London WC2H 7LH United Kingdom,51.509963,-0.129797
3246995275776,The Ritz London,GB,London,150 Piccadilly Westminster Borough London W1J 9BR United Kingdom,51.5069446,-0.1415776
3255585210368,H tel Regent s Garden,FR,Paris,6 Rue Pierre Demours 17th arr 75017 Paris France,48.8797513,2.2919634
3255585210373,Lindner Hotel Am Belvedere,AT,Vienna,Rennweg 12 03 Landstra e 1030 Vienna Austria,48.1955998,16.3826989
3264175144961,Novotel Paris Vaugirard Montparnasse,FR,Paris,257 Rue De Vaugirard 15th arr 75015 Paris France,48.8399018,2.3031011
3264175144966,Sloane Square Hotel,GB,London,Sloane Square Kensington and Chelsea London SW1W 8EG United Kingdom,51.4927325,-0.1573708
3281355014146,Petit Palace Boqueria Garden,ES,Barcelona,Boquer a 10 Ciutat Vella 08002 Barcelona Spain,41.3812223,2.1739622
3289944948739,H tel Concorde Montparnasse,FR,Paris,40 Rue du Commandant Ren Mouchotte 14th arr 75014 Paris France,48.8381079,2.318669
3298534883330,DoubleTree by Hilton London Docklands Riverside,GB,London,265 Rotherhithe Street Southwark London SE16 5HW United Kingdom,51.5043483,-0.0334436
3307124817921,Hotel Eden,FR,Paris,110 rue Blomet 15th arr 75015 Paris France,48.8405612,2.2991035
3315714752514,Hampshire Hotel The Manor Amsterdam,NL,Amsterdam,Linnaeusstraat 89 Oost 1093 EK Amsterdam Netherlands,52.3591467,4.9263601
3315714752515,Vincci Maritimo,ES,Barcelona,Llull 340 Sant Mart 08019 Barcelona Spain,41.4082054,2.2124626
3324304687106,Novotel Paris Centre Tour Eiffel,FR,Paris,61 Quai De Grenelle 15th arr 75015 Paris France,48.8500283,2.2834126
3324304687111,Appartement Hotel an der Riemergasse,AT,Vienna,Riemergasse 8 01 Innere Stadt 1010 Vienna Austria,48.2071576,16.3765913
3324304687114,Milan Marriott Hotel,IT,Milan,Via Washington 66 Fiera Milano City 20146 Milan Italy,45.4611287,9.1542675
3332894621699,Pol Grace Hotel,ES,Barcelona,Guillem Tell 49 Sarri St Gervasi 08006 Barcelona Spain,41.4017465,2.1477365
3341484556289,Best Western Le 18 Paris,FR,Paris,51 rue Letort 18th arr 75018 Paris France,48.8966167,2.3434843
3350074490882,Best Western Nouvel Orl ans Montparnasse,FR,Paris,25 avenue du General Leclerc 14th arr 75014 Paris France,48.8309896,2.3297301
3358664425473,H tel Madison by MH,FR,Paris,143 Boulevard Saint Germain 6th arr 75006 Paris France,48.8531641,2.3344097
3358664425478,Millennium Gloucester Hotel London,GB,London,4 18 Harrington Gardens Kensington and Chelsea London SW7 4LH United Kingdom,51.4935083,-0.1834346
3367254360066,The Hoxton Amsterdam,NL,Amsterdam,Herengracht 255 Amsterdam City Center 1016 BJ Amsterdam Netherlands,52.3718665,4.8873794
3375844294658,Bradford Elys es Astotel,FR,Paris,10 rue Saint Philippe du Roule 8th arr 75008 Paris France,48.8729676,2.3081178
3375844294659,Best Western Premier Louvre Saint Honor,FR,Paris,141 rue St Honor 1st arr 75001 Paris France,48.861711,2.340674
3375844294664,Boscolo Milano Autograph Collection,IT,Milan,Corso Giacomo Matteotti 4 6 Milan City Center 20121 Milan Italy,45.46676,9.194293
3384434229250,Hotel Lloyd,IT,Milan,Corso di Porta Romana 48 Milan City Center 20122 Milan Italy,45.4580781,9.1924205
3384434229255,Ohla Barcelona,ES,Barcelona,Via Laietana 49 Ciutat Vella 08003 Barcelona Spain,41.3870479,2.174336
3393024163843,Forest Hill Paris la Villette,FR,Paris,28 av Corentin Cariou 19th arr 75019 Paris France,48.8969854,2.3852745
3393024163850,Art Hotel Navigli,IT,Milan,Via Angelo Carlo Fumagalli 4 Navigli 20143 Milan Italy,45.4501306,9.1696481
3401614098433,DoubleTree by Hilton London Westminster,GB,London,30 John Islip St Westminster Borough London SW1P 4DD United Kingdom,51.4932356,-0.1269082
3401614098438,H10 Art Gallery 4 Sup,ES,Barcelona,Enric Granados 62 64 Eixample 08008 Barcelona Spain,41.392018,2.157066
3410204033027,Fairmont Rey Juan Carlos I,ES,Barcelona,Avenida Diagonal 661 671 Les Corts 08028 Barcelona Spain,41.3835246,2.1096141
3418793967619,Mercure Paris 15 Porte de Versailles,FR,Paris,6 Rue Saint Lambert 15th arr 75015 Paris France,48.8382542,2.2903494
3418793967625,Mercure Grand Hotel Biedermeier Wien,AT,Vienna,Landstra er Hauptstra e 28 03 Landstra e 1030 Vienna Austria,48.2038688,16.3887039
3427383902210,Hotel Vienna,AT,Vienna,Gro e Stadtgutgasse 31 02 Leopoldstadt 1020 Vienna Austria,48.2196722,16.3863588
